{
    "media": 0.9509175082312545,
    "num_eprs": 80,
    "QMLMetrics": {
        "Accuracy": 0.5,
        "Precision": 0.5,
        "Recall": 1.0,
        "F1": 0.6666666666666666
    },
    "MatrixConfusion": [
        [
            0,
            5
        ],
        [
            0,
            5
        ]
    ],
    "timestamp": "2025-09-29T16:20:05.335864"
}