{
    "media": 0.0,
    "num_eprs": 0,
    "QMLMetrics": {
        "Accuracy": 0.6666666666666666,
        "Precision": 0.4784688995215311,
        "Recall": 0.6666666666666666,
        "F1": 0.5473453749315819
    },
    "MatrixConfusion": [
        [
            10,
            0,
            0
        ],
        [
            1,
            0,
            9
        ],
        [
            0,
            0,
            10
        ]
    ],
    "timestamp": "2025-09-29T14:58:01.696395"
}