{
    "media": 0.7591724164955089,
    "num_eprs": 1008,
    "QMLMetrics": {
        "Accuracy": 0.47619047619047616,
        "Precision": 0.48717948717948717,
        "Recall": 0.9047619047619048,
        "F1": 0.6333333333333333
    },
    "MatrixConfusion": [
        [
            1,
            20
        ],
        [
            2,
            19
        ]
    ],
    "timestamp": "2025-10-17T16:19:46.268405"
}