{
    "media": 0.7591724164955089,
    "num_eprs": 1008,
    "QMLMetrics": {
        "Accuracy": 0.5238095238095238,
        "Precision": 0.5121951219512195,
        "Recall": 1.0,
        "F1": 0.6774193548387096
    },
    "MatrixConfusion": [
        [
            1,
            20
        ],
        [
            0,
            21
        ]
    ],
    "timestamp": "2025-10-17T17:31:06.287640"
}